id,name,email
1,Dani,dsivorn0@mashable.com
2,Heidie,hlalonde1@free.fr
3,Constantine,cvasyagin2@geocities.jp
4,Bevvy,bwhorton3@jigsy.com
5,Eugen,elandsberg4@ovh.net
6,Elvera,eseear5@arstechnica.com
7,Nan,nblunt6@flavors.me
8,Dory,dmcdermid7@adobe.com
9,Ross,rsaffill8@yellowbook.com
10,Tobit,tschach9@prlog.org
11,Rici,rasplina@gnu.org
12,Gasparo,gcorrinb@psu.edu
13,Channa,cstempec@eepurl.com
14,Teirtza,telnerd@mozilla.com
15,Obed,ocolbertsone@mtv.com
16,Valina,vgrandissonf@tiny.cc
17,Bridgette,bquennellg@tinypic.com
18,Ginger,gpabloh@soup.io
19,Benn,ballowayi@cmu.edu
20,Berne,bsabbinsj@theatlantic.com
21,Elinor,epawleyk@whitehouse.gov
22,Nikolas,njanczykl@tamu.edu
23,Launce,lateridgem@microsoft.com
24,Lorianne,lkelbien@theglobeandmail.com
25,Friedrich,ffraginoo@thetimes.co.uk
